25017338200,Middlesex County
25013800700,Hampden County
25025010701,Suffolk County
25009254100,Essex County
25009263100,Essex County
25013801605,Hampden County
25021402500,Norfolk County
25009205800,Essex County
25017364102,Middlesex County
25017339400,Middlesex County
25027725100,Worcester County
25025110201,Suffolk County
25023520201,Plymouth County
25005650800,Bristol County
25023525203,Plymouth County
25017340000,Middlesex County
25027731400,Worcester County
25009211200,Essex County
25027754300,Worcester County
25025180101,Suffolk County
25025070500,Suffolk County
25025100800,Suffolk County
25009206100,Essex County
25023505200,Plymouth County
25027755100,Worcester County
25017342600,Middlesex County
25025000703,Suffolk County
25025120103,Suffolk County
25013810200,Hampden County
25023509101,Plymouth County
25021419600,Norfolk County
25005650900,Bristol County
25001012602,Barnstable County
25005651900,Bristol County
25025120301,Suffolk County
25027723100,Worcester County
25017351100,Middlesex County
25001012102,Barnstable County
25017331200,Middlesex County
25013800900,Hampden County
25013800500,Hampden County
25013812702,Hampden County
25025060700,Suffolk County
25023510100,Plymouth County
25027739500,Worcester County
25017369000,Middlesex County
25021409102,Norfolk County
25009267102,Essex County
25023530902,Plymouth County
25013810902,Hampden County
25005644200,Bristol County
25023530901,Plymouth County
25023523201,Plymouth County
25017317102,Middlesex County
25025180301,Suffolk County
25027738201,Worcester County
25027732802,Worcester County
25017353300,Middlesex County
25005640300,Bristol County
25017338300,Middlesex County
25025091400,Suffolk County
25027709201,Worcester County
25021422501,Norfolk County
25025020101,Suffolk County
25025110301,Suffolk County
25007200200,Dukes County
25027732901,Worcester County
25005654100,Bristol County
25027761400,Worcester County
25005630101,Bristol County
25027707200,Worcester County
25009265102,Essex County
25021420302,Norfolk County
25017356602,Middlesex County
25023506101,Plymouth County
25001010800,Barnstable County
25025030100,Suffolk County
25021417200,Norfolk County
25009252601,Essex County
25017365202,Middlesex County
25023522101,Plymouth County
25001015200,Barnstable County
25017324102,Middlesex County
25025010600,Suffolk County
25017357100,Middlesex County
25003900200,Berkshire County
25027740102,Worcester County
25021412200,Norfolk County
25017317302,Middlesex County
25023507104,Plymouth County
25017370101,Middlesex County
25009260402,Essex County
25005633200,Bristol County
25009217600,Essex County
25009252101,Essex County
25013813101,Hampden County
25027758101,Worcester County
25017332200,Middlesex County
25017318100,Middlesex County
25017366202,Middlesex County
25009207100,Essex County
25005651002,Bristol County
25017339600,Middlesex County
25005654200,Bristol County
25017366201,Middlesex County
25027736300,Worcester County
25003901100,Berkshire County
25015822500,Hampshire County
25025100500,Suffolk County
25017373500,Middlesex County
25017342102,Middlesex County
25005613100,Bristol County
25027730402,Worcester County
25005985500,Bristol County
25023500104,Plymouth County
25009250900,Essex County
25025140300,Suffolk County
25025070402,Suffolk County
25009203301,Essex County
25017382500,Middlesex County
25025990101,Suffolk County
25009221400,Essex County
25027757400,Worcester County
25017320104,Middlesex County
25005610203,Bristol County
25027736200,Worcester County
25017368102,Middlesex County
25017355000,Middlesex County
25013801901,Hampden County
25017313102,Middlesex County
25025120400,Suffolk County
25023542101,Plymouth County
25009210100,Essex County
25001012101,Barnstable County
25017359300,Middlesex County
25017316202,Middlesex County
25027707400,Worcester County
25017341300,Middlesex County
25017315100,Middlesex County
25009260200,Essex County
25021400600,Norfolk County
25023540102,Plymouth County
25017363104,Middlesex County
25003932200,Berkshire County
25009217100,Essex County
25025100603,Suffolk County
25025080601,Suffolk County
25027718100,Worcester County
25021403500,Norfolk County
25027750200,Worcester County
25025100700,Suffolk County
25013811000,Hampden County
25027761300,Worcester County
25013813301,Hampden County
25003900400,Berkshire County
25017334400,Middlesex County
25025090600,Suffolk County
25025071101,Suffolk County
25025130300,Suffolk County
25023530600,Plymouth County
25009204101,Essex County
25009252201,Essex County
25025100400,Suffolk County
25017370202,Middlesex County
25021443102,Norfolk County
25009268400,Essex County
25025100100,Suffolk County
25013813403,Hampden County
25017368500,Middlesex County
25021401000,Norfolk County
25001010306,Barnstable County
25009215102,Essex County
25017337102,Middlesex County
25027742401,Worcester County
25025030200,Suffolk County
25013801800,Hampden County
25021410400,Norfolk County
25025120105,Suffolk County
25001014700,Barnstable County
25009260100,Essex County
25027754100,Worcester County
25017357400,Middlesex County
25009207000,Essex County
25017339300,Middlesex County
25021412300,Norfolk County
25013812701,Hampden County
25027715100,Worcester County
25021457200,Norfolk County
25025050901,Suffolk County
25015821601,Hampshire County
25005631700,Bristol County
25025010300,Suffolk County
25027721102,Worcester County
25021415200,Norfolk County
25017336100,Middlesex County
25015820102,Hampshire County
25023506202,Plymouth County
25011041502,Franklin County
25013813207,Hampden County
25005600202,Bristol County
25009213100,Essex County
25015821000,Hampshire County
25025070700,Suffolk County
25005614102,Bristol County
25005655200,Bristol County
25021416102,Norfolk County
25023545100,Plymouth County
25009204300,Essex County
25013811600,Hampden County
25017312502,Middlesex County
25025000202,Suffolk County
25017363102,Middlesex County
25013810403,Hampden County
25017339200,Middlesex County
25001011200,Barnstable County
25017311600,Middlesex County
25009251000,Essex County
25009260500,Essex County
25027737200,Worcester County
25009201100,Essex County
25023525204,Plymouth County
25005655100,Bristol County
25005641101,Bristol County
25009261101,Essex County
25017322200,Middlesex County
25017342101,Middlesex County
25021400500,Norfolk County
25027748100,Worcester County
25013802500,Hampden County
25017311300,Middlesex County
25017387201,Middlesex County
25025160602,Suffolk County
25005650500,Bristol County
25021406102,Norfolk County
25013801602,Hampden County
25009253201,Essex County
25017383901,Middlesex County
25025170702,Suffolk County
25021422600,Norfolk County
25017353101,Middlesex County
25025080500,Suffolk County
25009253204,Essex County
25017339700,Middlesex County
25025170800,Suffolk County
25017310500,Middlesex County
25009254302,Essex County
25027732801,Worcester County
25005630200,Bristol County
25005650102,Bristol County
25025000704,Suffolk County
25021417702,Norfolk County
25005612200,Bristol County
25017383800,Middlesex County
25009250500,Essex County
25025050600,Suffolk County
25017356601,Middlesex County
25027755200,Worcester County
25023524102,Plymouth County
25017310700,Middlesex County
25017360100,Middlesex County
25017342400,Middlesex County
25005653204,Bristol County
25001014800,Barnstable County
25021416400,Norfolk County
25009254402,Essex County
25027749200,Worcester County
25027756102,Worcester County
25001015002,Barnstable County
25023530801,Plymouth County
25023560100,Plymouth County
25009218100,Essex County
25017321500,Middlesex County
25027728300,Worcester County
25021419700,Norfolk County
25009217500,Essex County
25025081001,Suffolk County
25021442202,Norfolk County
25027735200,Worcester County
25027742402,Worcester County
25009206600,Essex County
25025061000,Suffolk County
25023521202,Plymouth County
25017333200,Middlesex County
25017314102,Middlesex County
25023510200,Plymouth County
25005646104,Bristol County
25013810404,Hampden County
25025091900,Suffolk County
25005641200,Bristol County
25025110607,Suffolk County
25013813000,Hampden County
25027730901,Worcester County
25021413402,Norfolk County
25021400200,Norfolk County
25017310601,Middlesex County
25025051000,Suffolk County
25021419400,Norfolk County
25027753100,Worcester County
25017388200,Middlesex County
25023506203,Plymouth County
25013812002,Hampden County
25013812404,Hampden County
25005645102,Bristol County
25005641800,Bristol County
25009260700,Essex County
25017318300,Middlesex County
25017338400,Middlesex County
25027740200,Worcester County
25027732302,Worcester County
25017374400,Middlesex County
25023545200,Plymouth County
25025981202,Suffolk County
25003926100,Berkshire County
25013813205,Hampden County
25017387202,Middlesex County
25017331102,Middlesex County
25021422100,Norfolk County
25025101001,Suffolk County
25003911100,Berkshire County
25005600204,Bristol County
25027760100,Worcester County
25017335400,Middlesex County
25021441202,Norfolk County
25025140105,Suffolk County
25027749100,Worcester County
25003912100,Berkshire County
25025170601,Suffolk County
25009208200,Essex County
25005631200,Bristol County
25005612100,Bristol County
25017311500,Middlesex County
25005641300,Bristol County
25017351403,Middlesex County
25017373600,Middlesex County
25017312400,Middlesex County
25013802602,Hampden County
25009216100,Essex County
25017373900,Middlesex County
25025010802,Suffolk County
25005653102,Bristol County
25017317101,Middlesex County
25015822601,Hampshire County
25021402101,Norfolk County
25005611202,Bristol County
25005641000,Bristol County
25003900500,Berkshire County
25027736100,Worcester County
25017337202,Middlesex County
25017320102,Middlesex County
25027707300,Worcester County
25027750100,Worcester County
25027709400,Worcester County
25017383902,Middlesex County
25017325100,Middlesex County
25027709100,Worcester County
25015821500,Hampshire County
25013811102,Hampden County
25017336401,Middlesex County
25015822000,Hampshire County
25025010702,Suffolk County
25017327101,Middlesex County
25027744102,Worcester County
25025030300,Suffolk County
25015822200,Hampshire County
25021408102,Norfolk County
25009266400,Essex County
25025130100,Suffolk County
25025060600,Suffolk County
25013801300,Hampden County
25021413300,Norfolk County
25027709702,Worcester County
25001015300,Barnstable County
25021420100,Norfolk County
25021422502,Norfolk County
25021410100,Norfolk County
25015821602,Hampshire County
25017338500,Middlesex County
25013801402,Hampden County
25013801700,Hampden County
25027747101,Worcester County
25027761200,Worcester County
25023530200,Plymouth County
25017311100,Middlesex County
25017326102,Middlesex County
25027731900,Worcester County
25005655400,Bristol County
25025081100,Suffolk County
25017364101,Middlesex County
25025080300,Suffolk County
25025000504,Suffolk County
25027757200,Worcester County
25021419800,Norfolk County
25025010408,Suffolk County
25005630400,Bristol County
25021418002,Norfolk County
25017370201,Middlesex County
25025091800,Suffolk County
25025081700,Suffolk County
25017367200,Middlesex County
25009220101,Essex County
25025090700,Suffolk County
25017373800,Middlesex County
25005610100,Bristol County
25017333501,Middlesex County
25001011802,Barnstable County
25009260800,Essex County
25021417801,Norfolk County
25025981100,Suffolk County
25009217201,Essex County
25027736500,Worcester County
25017354300,Middlesex County
25023525300,Plymouth County
25017363202,Middlesex County
25001013100,Barnstable County
25009251500,Essex County
25021456101,Norfolk County
25017350400,Middlesex County
25017352500,Middlesex County
25027709202,Worcester County
25025092300,Suffolk County
25017311400,Middlesex County
25013813102,Hampden County
25025981501,Suffolk County
25009206000,Essex County
25017335301,Middlesex County
25009260302,Essex County
25013813209,Hampden County
25009268300,Essex County
25005640600,Bristol County
25005646103,Bristol County
25009205700,Essex County
25013812201,Hampden County
25027711000,Worcester County
25025081200,Suffolk County
25017311200,Middlesex County
25013813702,Hampden County
25025010103,Suffolk County
25005641600,Bristol County
25015821300,Hampshire County
25027731203,Worcester County
25021414200,Norfolk County
25017353500,Middlesex County
25013812500,Hampden County
25023542200,Plymouth County
25017382400,Middlesex County
25021422301,Norfolk County
25027737100,Worcester County
25021456200,Norfolk County
25025140106,Suffolk County
25001013400,Barnstable County
25025050300,Suffolk County
25001010304,Barnstable County
25015820500,Hampshire County
25003914100,Berkshire County
25013800400,Hampden County
25005652600,Bristol County
25001010600,Barnstable County
25017353700,Middlesex County
25005613600,Bristol County
25021416200,Norfolk County
25009206300,Essex County
25005646101,Bristol County
25027717100,Worcester County
25027753200,Worcester County
25011041400,Franklin County
25011040701,Franklin County
25027732203,Worcester County
25017332100,Middlesex County
25025180200,Suffolk County
25011040600,Franklin County
25009211402,Essex County
25021419300,Norfolk County
25027736400,Worcester County
25001014500,Barnstable County
25017335200,Middlesex County
25013801200,Hampden County
25009221500,Essex County
25009253203,Essex County
25021411302,Norfolk County
25025030400,Suffolk County
25013800300,Hampden County
25027716100,Worcester County
25015822401,Hampshire County
25019950200,Nantucket County
25017374500,Middlesex County
25025100300,Suffolk County
25017373100,Middlesex County
25023521101,Plymouth County
25017327102,Middlesex County
25021400700,Norfolk County
25015820900,Hampshire County
25017354400,Middlesex County
25005617102,Bristol County
25027703100,Worcester County
25009206400,Essex County
25005640500,Bristol County
25009208400,Essex County
25017314200,Middlesex County
25021408101,Norfolk County
25027744200,Worcester County
25023508200,Plymouth County
25027738202,Worcester County
25001010400,Barnstable County
25025101102,Suffolk County
25025050101,Suffolk County
25013802300,Hampden County
25017383300,Middlesex County
25017336200,Middlesex County
25025010204,Suffolk County
25021417802,Norfolk County
25023509102,Plymouth County
25023510600,Plymouth County
25027709501,Worcester County
25025000602,Suffolk County
25019950100,Nantucket County
25017312501,Middlesex County
25017351204,Middlesex County
25017361300,Middlesex County
25027710500,Worcester County
25015820700,Hampshire County
25009220102,Essex County
25017316102,Middlesex County
25003913100,Berkshire County
25017383600,Middlesex County
25017356100,Middlesex County
25009210700,Essex County
25017352102,Middlesex County
25011040900,Franklin County
25005640800,Bristol County
25017374200,Middlesex County
25021419500,Norfolk County
25013813802,Hampden County
25017354800,Middlesex County
25017314301,Middlesex County
25025140400,Suffolk County
25017369100,Middlesex County
25017337101,Middlesex County
25027728100,Worcester County
25017313101,Middlesex County
25003922200,Berkshire County
25017374000,Middlesex County
25023511000,Plymouth County
25023507101,Plymouth County
25013801502,Hampden County
25017315403,Middlesex County
25023530500,Plymouth County
25027708100,Worcester County
25017370102,Middlesex County
25011040100,Franklin County
25005653301,Bristol County
25017353400,Middlesex County
25009266300,Essex County
25027741102,Worcester County
25013810800,Hampden County
25009222100,Essex County
25025000402,Suffolk County
25025101002,Suffolk County
25025070600,Suffolk County
25021422400,Norfolk County
25005613800,Bristol County
25001013002,Barnstable County
25023511302,Plymouth County
25023510300,Plymouth County
25021417400,Norfolk County
25013812104,Hampden County
25023540101,Plymouth County
25025010500,Suffolk County
25005650300,Bristol County
25017341600,Middlesex County
25021415102,Norfolk County
25025981502,Suffolk County
25013810602,Hampden County
25027751101,Worcester County
25021413100,Norfolk County
25025000502,Suffolk County
25009250200,Essex County
25027739100,Worcester County
25003924100,Berkshire County
25009266200,Essex County
25013812401,Hampden County
25027742300,Worcester County
25027732600,Worcester County
25021456402,Norfolk County
25017339100,Middlesex County
25009250100,Essex County
25001011801,Barnstable County
25025000701,Suffolk County
25027729200,Worcester County
25013812800,Hampden County
25027712102,Worcester County
25013801601,Hampden County
25017382100,Middlesex County
25017352300,Middlesex County
25027730401,Worcester County
25009261000,Essex County
25009221600,Essex County
25005642200,Bristol County
25011040502,Franklin County
25017330100,Middlesex County
25005632100,Bristol County
25015822700,Hampshire County
25005651100,Bristol County
25015820300,Hampshire County
25017341102,Middlesex County
25001014900,Barnstable County
25005640901,Bristol County
25017316101,Middlesex County
25001012200,Barnstable County
25023503102,Plymouth County
25017317103,Middlesex County
25009202102,Essex County
25009205200,Essex County
25021411301,Norfolk County
25027710300,Worcester County
25025160501,Suffolk County
25005650101,Bristol County
25023521102,Plymouth County
25025000100,Suffolk County
25017370400,Middlesex County
25005651300,Bristol County
25023530100,Plymouth County
25013811500,Hampden County
25015820600,Hampshire County
25017357500,Middlesex County
25021442103,Norfolk County
25009250600,Essex County
25017326101,Middlesex County
25005650202,Bristol County
25009210800,Essex County
25001011002,Barnstable County
25017368800,Middlesex County
25017383200,Middlesex County
25023505102,Plymouth County
25015822603,Hampshire County
25017368901,Middlesex County
25023504102,Plymouth County
25021404302,Norfolk County
25017322400,Middlesex County
25021412100,Norfolk County
25027702200,Worcester County
25001010500,Barnstable County
25023507103,Plymouth County
25025130404,Suffolk County
25025090901,Suffolk County
25017350103,Middlesex County
25013810601,Hampden County
25017300100,Middlesex County
25021409101,Norfolk County
25021416300,Norfolk County
25013811200,Hampden County
25009205300,Essex County
25025091200,Suffolk County
25017334100,Middlesex County
25021423100,Norfolk County
25025110502,Suffolk County
25017312100,Middlesex County
25009205100,Essex County
25027733101,Worcester County
25017314101,Middlesex County
25021456102,Norfolk County
25021407100,Norfolk County
25005613400,Bristol County
25027731500,Worcester County
25005645101,Bristol County
25009206500,Essex County
25025100900,Suffolk County
25017357200,Middlesex County
25017321600,Middlesex County
25009265101,Essex County
25025010404,Suffolk County
25009252602,Essex County
25009204702,Essex County
25025061101,Suffolk County
25023501102,Plymouth County
25017356300,Middlesex County
25027709701,Worcester County
25021400900,Norfolk County
25017341700,Middlesex County
25017315500,Middlesex County
25021404201,Norfolk County
25025120201,Suffolk County
25025000601,Suffolk County
25013812300,Hampden County
25021405100,Norfolk County
25001011100,Barnstable County
25017350700,Middlesex County
25017385100,Middlesex County
25009212100,Essex County
25027759100,Worcester County
25005651700,Bristol County
25027730902,Worcester County
25025010104,Suffolk County
25021417602,Norfolk County
25021401200,Norfolk County
25009204200,Essex County
25005653203,Bristol County
25009221100,Essex County
25011040200,Franklin County
25021418003,Norfolk County
25009252300,Essex County
25003931100,Berkshire County
25017312000,Middlesex County
25027751102,Worcester County
25017350104,Middlesex County
25017351000,Middlesex County
25017321200,Middlesex County
25021400400,Norfolk County
25001012601,Barnstable County
25025060301,Suffolk County
25009223100,Essex County
25013802200,Hampden County
25025060101,Suffolk County
25023510502,Plymouth County
25017386100,Middlesex County
25009253100,Essex County
25001014100,Barnstable County
25021422200,Norfolk County
25001014002,Barnstable County
25009202101,Essex County
25023501202,Plymouth County
25005651001,Bristol County
25005631400,Bristol County
25017342300,Middlesex County
25027735100,Worcester County
25005631500,Bristol County
25001011600,Barnstable County
25025081400,Suffolk County
25021420202,Norfolk County
25021403400,Norfolk County
25025082100,Suffolk County
25013801902,Hampden County
25023504101,Plymouth County
25027743100,Worcester County
25017317202,Middlesex County
25009206800,Essex County
25025030500,Suffolk County
25017301101,Middlesex County
25009270100,Essex County
25009204400,Essex County
25017350500,Middlesex County
25025091300,Suffolk County
25021456401,Norfolk County
25005610204,Bristol County
25021442201,Norfolk County
25013813401,Hampden County
25027732700,Worcester County
25025092400,Suffolk County
25025050500,Suffolk County
25011040400,Franklin County
25021415101,Norfolk County
25023508101,Plymouth County
25017317203,Middlesex County
25027744101,Worcester County
25021420301,Norfolk County
25003925100,Berkshire County
25009204701,Essex County
25021441203,Norfolk County
25025170200,Suffolk County
25027724100,Worcester County
25025050700,Suffolk County
25017352400,Middlesex County
25027732001,Worcester County
25025040300,Suffolk County
25017358100,Middlesex County
25025160400,Suffolk County
25001014300,Barnstable County
25017350600,Middlesex County
25005651200,Bristol County
25025170501,Suffolk County
25009251200,Essex County
25009266100,Essex County
25005645103,Bristol County
25025000302,Suffolk County
25025060800,Suffolk County
25017368101,Middlesex County
25027732301,Worcester County
25027733102,Worcester County
25025000802,Suffolk County
25017332300,Middlesex County
25027730100,Worcester County
25009217400,Essex County
25021417901,Norfolk County
25011040702,Franklin County
25021417300,Norfolk County
25009261102,Essex County
25023530400,Plymouth County
25005641900,Bristol County
25017320103,Middlesex County
25009251600,Essex County
25027731600,Worcester County
25027750300,Worcester County
25017368600,Middlesex County
25023500103,Plymouth County
25021419200,Norfolk County
25017383501,Middlesex County
25025140202,Suffolk County
25025160502,Suffolk County
25017321100,Middlesex County
25017321400,Middlesex County
25027710100,Worcester County
25021422302,Norfolk County
25027709502,Worcester County
25009204500,Essex County
25023511701,Plymouth County
25017333100,Middlesex County
25025082000,Suffolk County
25005653304,Bristol County
25015821700,Hampshire County
25025060501,Suffolk County
25025160300,Suffolk County
25025160101,Suffolk County
25017354500,Middlesex County
25005613300,Bristol County
25005610202,Bristol County
25009205900,Essex County
25017342202,Middlesex County
25001010206,Barnstable County
25017353800,Middlesex County
25017339802,Middlesex County
25017358600,Middlesex County
25017341200,Middlesex County
25013813206,Hampden County
25023510503,Plymouth County
25003933200,Berkshire County
25023500101,Plymouth County
25027719100,Worcester County
25025090300,Suffolk County
25009223200,Essex County
25001013300,Barnstable County
25017337300,Middlesex County
25013800600,Hampden County
25021442102,Norfolk County
25025140201,Suffolk County
25009251700,Essex County
25027739400,Worcester County
25027716200,Worcester County
25001012700,Barnstable County
25021411100,Norfolk County
25013800202,Hampden County
25017310100,Middlesex County
25013811900,Hampden County
25009221800,Essex County
25017351500,Middlesex County
25025071201,Suffolk County
25017382300,Middlesex County
25027726100,Worcester County
25021443101,Norfolk County
25021404400,Norfolk County
25021413401,Norfolk County
25017357600,Middlesex County
25009217202,Essex County
25013811400,Hampden County
25025040401,Suffolk County
25025020302,Suffolk County
25027703300,Worcester County
25027731800,Worcester County
25021457100,Norfolk County
25025091700,Suffolk County
25009214100,Essex County
25005611102,Bristol County
25005650600,Bristol County
25017310300,Middlesex County
25009221300,Essex County
25001015100,Barnstable County
25021417501,Norfolk County
25003935100,Berkshire County
25017328100,Middlesex County
25027740101,Worcester County
25025160200,Suffolk County
25005630300,Bristol County
25027721101,Worcester County
25017352800,Middlesex County
25025060200,Suffolk County
25021417502,Norfolk County
25025100601,Suffolk County
25009210300,Essex County
25021402400,Norfolk County
25013812001,Hampden County
25005652800,Bristol County
25005652300,Bristol County
25017315200,Middlesex County
25013813500,Hampden County
25009250400,Essex County
25017334200,Middlesex County
25009211401,Essex County
25013813204,Hampden County
25021422800,Norfolk County
25017338100,Middlesex County
25021420201,Norfolk County
25027727100,Worcester County
25017367100,Middlesex County
25003900900,Berkshire County
25017331101,Middlesex County
25005613700,Bristol County
25025110501,Suffolk County
25017336402,Middlesex County
25005652500,Bristol County
25017387100,Middlesex County
25017350300,Middlesex County
25017322100,Middlesex County
25017382601,Middlesex County
25017374600,Middlesex County
25017311700,Middlesex County
25017357700,Middlesex County
25017315401,Middlesex County
25017357800,Middlesex County
25013811302,Hampden County
25023510900,Plymouth County
25009203100,Essex County
25009269100,Essex County
25027732902,Worcester County
25025092000,Suffolk County
25027700100,Worcester County
25025040600,Suffolk County
25017301102,Middlesex County
25013800201,Hampden County
25005631800,Bristol County
25005641400,Bristol County
25025050400,Suffolk County
25027710600,Worcester County
25025091001,Suffolk County
25005652700,Bristol County
25009204600,Essex County
25005613901,Bristol County
25025081300,Suffolk County
25017351404,Middlesex County
25017374100,Middlesex County
25005650201,Bristol County
25005652400,Bristol County
25017354200,Middlesex County
25017388100,Middlesex County
25027758102,Worcester County
25013813601,Hampden County
25017318400,Middlesex County
25009254301,Essex County
25017382200,Middlesex County
25009202200,Essex County
25025050200,Suffolk County
25001011500,Barnstable County
25009208300,Essex County
25017350800,Middlesex County
25023561200,Plymouth County
25001013500,Barnstable County
25023524101,Plymouth County
25001012900,Barnstable County
25005642000,Bristol County
25001014402,Barnstable County
25017361100,Middlesex County
25013801101,Hampden County
25027733000,Worcester County
25009208101,Essex County
25027747102,Worcester County
25017339500,Middlesex County
25019950400,Nantucket County
25011040501,Franklin County
25017333502,Middlesex County
25025981700,Suffolk County
25009210200,Essex County
25027731101,Worcester County
25017350900,Middlesex County
25001012502,Barnstable County
25017373300,Middlesex County
25021418004,Norfolk County
25021418200,Norfolk County
25017360200,Middlesex County
25003934300,Berkshire County
25007200400,Dukes County
25025081900,Suffolk County
25017330200,Middlesex County
25005611201,Bristol County
25009250800,Essex County
25021410300,Norfolk County
25013813303,Hampden County
25017363103,Middlesex County
25027730700,Worcester County
25027738100,Worcester County
25027726200,Worcester County
25021441204,Norfolk County
25013813208,Hampden County
25015821100,Hampshire County
25017341800,Middlesex County
25017368300,Middlesex County
25027732201,Worcester County
25013801102,Hampden County
25017316400,Middlesex County
25023511500,Plymouth County
25021400100,Norfolk County
25003900700,Berkshire County
25017366100,Middlesex County
25027732202,Worcester County
25021442101,Norfolk County
25017356702,Middlesex County
25021416101,Norfolk County
25005641500,Bristol County
25017353900,Middlesex County
25017317201,Middlesex County
25021400300,Norfolk County
25025070101,Suffolk County
25017354700,Middlesex County
25023530700,Plymouth County
25009223300,Essex County
25021456301,Norfolk County
25027756101,Worcester County
25025120700,Suffolk County
25023526100,Plymouth County
25027730200,Worcester County
25001010208,Barnstable County
25005631300,Bristol County
25027722100,Worcester County
25013812101,Hampden County
25021440100,Norfolk County
25025120104,Suffolk County
25017352200,Middlesex County
25027732500,Worcester County
25023523202,Plymouth County
25001010100,Barnstable County
25021403300,Norfolk County
25013812202,Hampden County
25013801503,Hampden County
25021402200,Norfolk County
25017332400,Middlesex County
25017310200,Middlesex County
25017368902,Middlesex County
25005616100,Bristol County
25017384001,Middlesex County
25009251100,Essex County
25027729100,Worcester County
25021421200,Norfolk County
25017354900,Middlesex County
25027706100,Worcester County
25017335302,Middlesex County
25021419100,Norfolk County
25023544200,Plymouth County
25017368400,Middlesex County
25013801604,Hampden County
25003932300,Berkshire County
25027731204,Worcester County
25017310602,Middlesex County
25021417902,Norfolk County
25025090100,Suffolk County
25025130406,Suffolk County
25009267101,Essex County
25005614101,Bristol County
25023545300,Plymouth County
25023505101,Plymouth County
25017368200,Middlesex County
25023545400,Plymouth County
25027737300,Worcester County
25025000803,Suffolk County
25005640700,Bristol County
25027703200,Worcester County
25025081500,Suffolk County
25025170701,Suffolk County
25005641700,Bristol County
25015822605,Hampshire County
25017352700,Middlesex County
25015820203,Hampshire County
25017368700,Middlesex County
25017312200,Middlesex County
25023503101,Plymouth County
25027710700,Worcester County
25009260301,Essex County
25021414100,Norfolk County
25025090400,Suffolk County
25013811800,Hampden County
25017354000,Middlesex County
25011040800,Franklin County
25027732400,Worcester County
25013800800,Hampden County
25017351300,Middlesex County
25011041100,Franklin County
25025110103,Suffolk County
25027730802,Worcester County
25023542102,Plymouth County
25017339801,Middlesex County
25001012002,Barnstable County
25017352101,Middlesex County
25017333300,Middlesex County
25017383400,Middlesex County
25013810300,Hampden County
25023510800,Plymouth County
25027757500,Worcester County
25001013600,Barnstable County
25017354600,Middlesex County
25009260600,Essex County
25027731102,Worcester County
25025091600,Suffolk County
25017350200,Middlesex County
25017365201,Middlesex County
25015821904,Hampshire County
25005651400,Bristol County
25001015001,Barnstable County
25003923100,Berkshire County
25009221700,Essex County
25017341901,Middlesex County
25009260900,Essex County
25023511702,Plymouth County
25015821903,Hampshire County
25027731700,Worcester County
25017354100,Middlesex County
25017311800,Middlesex County
25023506204,Plymouth County
25025091500,Suffolk County
25009211100,Essex County
25013802100,Hampden County
25025000503,Suffolk County
25027730500,Worcester County
25001013800,Barnstable County
25009252502,Essex County
25023521201,Plymouth County
25009253205,Essex County
25009254403,Essex County
25013811301,Hampden County
25025101101,Suffolk County
25009253202,Essex County
25025010801,Suffolk County
25013810901,Hampden County
25003922100,Berkshire County
25007200300,Dukes County
25015822300,Hampshire County
25023540103,Plymouth County
25025130200,Suffolk County
25021411200,Norfolk County
25017358400,Middlesex County
25023506102,Plymouth County
25025140107,Suffolk County
25005653101,Bristol County
25025020303,Suffolk County
25017353102,Middlesex County
25009268100,Essex County
25013810700,Hampden County
25023523100,Plymouth County
25017358300,Middlesex County
25021418102,Norfolk County
25015820101,Hampshire County
25009210500,Essex County
25011041200,Franklin County
25025100200,Suffolk County
25025092101,Suffolk County
25023510400,Plymouth County
25027709600,Worcester County
25011041300,Franklin County
25017331300,Middlesex County
25017353600,Middlesex County
25017341400,Middlesex County
25025061200,Suffolk County
25017357300,Middlesex County
25001012001,Barnstable County
25017327103,Middlesex County
25025090200,Suffolk County
25013811101,Hampden County
25005642300,Bristol County
25025051101,Suffolk County
25017314302,Middlesex County
25009203200,Essex County
25017333400,Middlesex County
25025140102,Suffolk County
25013812902,Hampden County
25017323100,Middlesex County
25017383502,Middlesex County
25009209100,Essex County
25005640100,Bristol County
25027745100,Worcester County
25015820801,Hampshire County
25023502101,Plymouth County
25009252202,Essex County
25027728400,Worcester County
25017373700,Middlesex County
25023501201,Plymouth County
25017358500,Middlesex County
25009206700,Essex County
25017374800,Middlesex County
25017316300,Middlesex County
25023544100,Plymouth County
25001013900,Barnstable County
25025092200,Suffolk County
25017342201,Middlesex County
25003921300,Berkshire County
25021403100,Norfolk County
25017352600,Middlesex County
25025170502,Suffolk County
25005651600,Bristol County
25005600100,Bristol County
25003900600,Berkshire County
25015822402,Hampshire County
25001013700,Barnstable County
25021417601,Norfolk County
25009217300,Essex County
25015821200,Hampshire County
25027710400,Worcester County
25027713100,Worcester County
25027731300,Worcester County
25025120500,Suffolk County
25009210600,Essex County
25003922300,Berkshire County
25021456302,Norfolk County
25009206200,Essex County
25027744400,Worcester County
25027716300,Worcester County
25013812103,Hampden County
25013811700,Hampden County
25023520202,Plymouth County
25025981201,Suffolk County
25025000401,Suffolk County
25009250700,Essex County
25027739300,Worcester County
25013813801,Hampden County
25027710800,Worcester County
25009215101,Essex County
25017341902,Middlesex County
25013813304,Hampden County
25017363201,Middlesex County
25023502102,Plymouth County
25025981300,Suffolk County
25017312300,Middlesex County
25021414300,Norfolk County
25025110601,Suffolk County
25027739200,Worcester County
25009205500,Essex County
25017339900,Middlesex County
25027730300,Worcester County
25009252102,Essex County
25027705100,Worcester County
25017315402,Middlesex County
25027728200,Worcester County
25021406101,Norfolk County
25017365100,Middlesex County
25017362100,Middlesex County
25017353000,Middlesex County
25009205600,Essex County
25009252501,Essex County
25027704200,Worcester County
25025070200,Suffolk County
25015820204,Hampshire County
25025080401,Suffolk County
25017356500,Middlesex County
25001012800,Barnstable County
25023530300,Plymouth County
25021402300,Norfolk County
25023502200,Plymouth County
25025080801,Suffolk County
25025060400,Suffolk County
25025020200,Suffolk County
25021401100,Norfolk County
25017374300,Middlesex County
25005615100,Bristol County
25027730801,Worcester County
25017316500,Middlesex County
25025180500,Suffolk County
25027752100,Worcester County
25023520100,Plymouth County
25003935200,Berkshire County
25017341500,Middlesex County
25011041501,Franklin County
25017340100,Middlesex County
25025130402,Suffolk County
25003920101,Berkshire County
25027720100,Worcester County
25027732002,Worcester County
25017385201,Middlesex County
25023510501,Plymouth County
25005631100,Bristol County
25001011300,Barnstable County
25023511301,Plymouth County
25027757100,Worcester County
25013812901,Hampden County
25017310400,Middlesex County
25009252400,Essex County
25025170300,Suffolk County
25001010700,Barnstable County
25025081800,Suffolk County
25023561100,Plymouth County
25013810412,Hampden County
25025040200,Suffolk County
25017383700,Middlesex County
25013813602,Hampden County
25003933300,Berkshire County
25013800102,Hampden County
25009252603,Essex County
25009251300,Essex County
25023510700,Plymouth County
25001014600,Barnstable County
25023525104,Plymouth County
25023501101,Plymouth County
25013801603,Hampden County
25009210400,Essex County
25017342500,Middlesex County
25021417100,Norfolk County
25027746100,Worcester County
25005985600,Bristol County
25005631600,Bristol County
25025180400,Suffolk County
25027744300,Worcester County
25017316201,Middlesex County
25015820400,Hampshire County
25017335100,Middlesex County
25025000301,Suffolk County
25027754200,Worcester County
25025070300,Suffolk County
25017336300,Middlesex County
25013802400,Hampden County
25023542300,Plymouth County
25023530802,Plymouth County
25017353200,Middlesex County
25021404301,Norfolk County
25011040300,Franklin County
25009250300,Essex County
25025070800,Suffolk County
25017318200,Middlesex County
25027731002,Worcester County
25003935300,Berkshire County
25017341101,Middlesex County
25017356400,Middlesex County
25013800101,Hampden County
25005651800,Bristol County
25013801501,Hampden County
25021400800,Norfolk County
25009268200,Essex County
25011041000,Franklin County
25017384002,Middlesex County
25003900300,Berkshire County
25017337201,Middlesex County
25017383102,Middlesex County
25005651500,Bristol County
25009205400,Essex County
25025010403,Suffolk County
25027731001,Worcester County
25017373400,Middlesex County
25017356701,Middlesex County
25021418101,Norfolk County
25005650700,Bristol County
25009208102,Essex County
25021417701,Norfolk County
25005611101,Bristol County
25025040801,Suffolk County
25015822606,Hampshire County
25015821400,Hampshire County
25021404100,Norfolk County
25005632200,Bristol County
25027730600,Worcester County
25009209200,Essex County
25005642400,Bristol County
25013801401,Hampden County
25005652200,Bristol County
25003931300,Berkshire County
25005644102,Bristol County
25017334300,Middlesex County
25025981800,Suffolk County
25005630102,Bristol County
25023511400,Plymouth County
25005650400,Bristol County
25013802601,Hampden County
25027754400,Worcester County
25005640400,Bristol County
25001010900,Barnstable County
25005633100,Bristol County
25005600203,Bristol County
25027711100,Worcester County
25025080100,Suffolk County
25005655300,Bristol County
25025010203,Suffolk County
25023508102,Plymouth County
25021404202,Norfolk County
25005642100,Bristol County
25005640200,Bristol County
25015821901,Hampshire County
25025170100,Suffolk County
25021413200,Norfolk County
25019950500,Nantucket County
25023511100,Plymouth County
25013810100,Hampden County
25027757300,Worcester County
25025091100,Suffolk County
25013812403,Hampden County
25025120600,Suffolk County
25003920102,Berkshire County
25015820202,Hampshire County
25021421100,Norfolk County
25025010405,Suffolk County
25009262100,Essex County
25025110403,Suffolk County
25025051200,Suffolk County
25023541100,Plymouth County
25009251800,Essex County
25017321300,Middlesex County
25003900100,Berkshire County
25017359100,Middlesex County
25017382602,Middlesex County
25005652000,Bristol County
25023511200,Plymouth County
25005642500,Bristol County
25017352900,Middlesex County
25003934200,Berkshire County
25009206900,Essex County
25017351203,Middlesex County
25027731202,Worcester County
25027710200,Worcester County
25013813404,Hampden County
25027712101,Worcester County
25013813701,Hampden County
25027707500,Worcester County
25023511600,Plymouth County
25023525101,Plymouth County
25009211300,Essex County
25025170400,Suffolk County
25009251400,Essex County
25001011400,Barnstable County
25005644101,Bristol County
25009221901,Essex County
25017322300,Middlesex County
25017385202,Middlesex County
25023543100,Plymouth County
25009254401,Essex County
25003933400,Berkshire County
25021415300,Norfolk County
25025020301,Suffolk County
25027707100,Worcester County
25021422700,Norfolk County
25003900800,Berkshire County
25005652100,Bristol County
25005613902,Bristol County
25005617101,Bristol County
25005614000,Bristol County
25007200100,Dukes County
25025000201,Suffolk County
25017324101,Middlesex County
25025070900,Suffolk County
25013812600,Hampden County
25009264100,Essex County
25017333600,Middlesex County
25001013200,Barnstable County
25009204102,Essex County
25027701100,Worcester County
25009254200,Essex County
25009210900,Essex County
25009203302,Essex County
25013802000,Hampden County
25017317301,Middlesex County
25021413500,Norfolk County
25009260401,Essex County
25017374700,Middlesex County
25013812903,Hampden County
25017370300,Middlesex County
25003931400,Berkshire County
25025040100,Suffolk County
25003921500,Berkshire County
25017361200,Middlesex County
25003921400,Berkshire County
25017383101,Middlesex County
25021402102,Norfolk County
25009207200,Essex County
25027761100,Worcester County
25027741101,Worcester County
25017358700,Middlesex County
25009221902,Essex County
25017388300,Middlesex County
25017373200,Middlesex County
25015820802,Hampshire County
25025980300,Suffolk County
25025160601,Suffolk County
25025110401,Suffolk County
25025080900,Suffolk County
25023522102,Plymouth County
25013810414,Hampden County
25017311900,Middlesex County
25001011700,Barnstable County
